nume_actiune,timestamp
Adaugare Rezervare Noua Student,2025-05-26 17:24:02
Cont de student creat,2025-05-27 16:18:24
Cont de profesor creat,2025-05-29 20:31:56
Adaugare Rezervare Noua Student,2025-05-29 20:32:59
Adaugare Rezervare Noua Profesor,2025-05-29 20:39:25
Adaugare Rezervare Noua Profesor,2025-05-29 20:39:25
Cerere de afisare a rezervarilor unui cont,2025-05-29 20:39:28
Cerere de afisare a rezervarilor unui cont,2025-05-29 20:39:34
Cerere de stergere a unei rezervari,2025-05-29 20:39:41
Adaugare Rezervare Noua Profesor,2025-05-29 20:40:33
Adaugare Rezervare Noua Profesor,2025-05-29 20:40:33
Cerere de afisare a rezervarilor unui cont,2025-05-29 20:40:41
